id	name	pop_2000	x	y
2270	Philipstown	9422	590,676.8826	4,585,826.221
2271	Stony Point	14244	582,816.5699	4,568,006.3
1273	Syracuse	147306	406,835.3053	4,765,962.36
1274	Tonawanda	16136	183,816.1072	4,769,316.622
1275	Little Falls	5188	511,698.8449	4,765,823.233
1276	Batavia	16256	240,783.5824	4,765,574.261
1277	Ogdensburg	12364	462,512.2593	4,950,661.67
1278	Watertown	26705	427,067.6361	4,869,302.522
1279	Lockport	22279	199,495.9359	4,786,322.746
1280	Niagara Falls	55593	173,225.7296	4,778,877.478
1281	Rochester	219773	287,339.7527	4,782,794.601
1282	North Tonawanda	33262	185,108.1785	4,773,135.335
1283	Buffalo	292648	184,979.0906	4,756,174.257
1284	Amsterdam	18355	566,008.7404	4,754,704.956
1285	Mechanicville	5019	607,012.7856	4,750,882.529
1286	Lackawanna	19064	186,690.9895	4,747,766.7
1287	Schenectady	61821	587,700.9512	4,739,436.784
1288	Troy	49170	608,454.8539	4,732,283.438
1289	Saratoga Springs	26186	599,553.7513	4,769,035.336
1290	Wilton	12511	603,455.2505	4,778,247.746
1291	Greenfield	7362	591,356.4235	4,776,731.001
1292	Saratoga	5141	610,133.3028	4,768,389.875
1293	Fulton	11855	385,165.7041	4,796,973.135
1294	Volney	6094	388,727.6888	4,801,642.348
1295	Granby	7009	383,121.6912	4,794,231.575
1296	Glens Falls	14354	609,805.2517	4,796,204.916
1297	Utica	60651	481,506.9226	4,771,557.279
1298	Canandaigua	11264	313,783.0691	4,750,963.612
1299	Canandaigua	7649	310,614.2553	4,747,953.591
1300	Geneva	13617	338,036.6486	4,747,674.048
1301	Geneva	3289	336,581.3812	4,743,980.822
1302	Cohoes	15521	605,706.8696	4,736,438.371
1303	Watervliet	10207	605,870.709	4,731,023.577
1304	Albany	95658	598,456.811	4,724,473.401
1305	Rensselaer	7761	603,889.4228	4,722,421.575
1306	Cortland	18740	403,314.8362	4,717,109.427
1307	Dunkirk	13131	143,890.8423	4,712,200.815
1308	Norwich	7355	457,062.3725	4,709,154.757
1309	Oneonta	13292	494,524.8289	4,700,315.777
1310	Hudson	7524	600,160.2258	4,678,412.063
1311	Jamestown	31730	149,668.6709	4,669,311.065
1312	Corning	10842	330,092.9459	4,668,151.846
1313	Binghamton	47380	424,820.4926	4,661,439.198
1314	Elmira	30940	350,341.7831	4,661,771.701
1315	Kingston	23456	583,202.511	4,642,458.834
1316	Poughkeepsie	29871	589,778.436	4,616,463.936
1317	Beacon	13808	586,345.9447	4,595,184.123
1318	Newburgh	28259	581,367.9831	4,595,203.793
1319	Middletown	25388	548,224.2681	4,588,420.73
1320	Port Jervis	8860	525,879.6362	4,580,802.135
1321	Peekskill	22441	590,236.0801	4,571,346.627
1322	Rye	14955	610,430.043	4,535,483.088
1323	Lisbon	4047	474,751.3107	4,950,856.296
1324	Lawrence	1545	525,584.3556	4,956,190.343
1325	Brandon	542	546,056.6494	4,954,033.442
1326	Dickinson	739	536,040.3598	4,953,039.185
1327	Norfolk	4565	504,206.0372	4,964,290.917
1328	Ithaca	29287	376,382.5568	4,700,175.626
1329	Ithaca	18198	375,665.6341	4,699,233.78
1330	Olean	15347	216,111.0403	4,664,557.273
1331	Duane	159	558,591.537	4,941,544.076
1332	Parishville	2049	514,346.823	4,935,109.032
1333	Potsdam	15957	496,863.6825	4,947,118.026
1334	Morristown	2050	449,404.4055	4,931,688.571
1335	Macomb	846	455,038.3054	4,921,352.133
1336	Ausable	3015	616,418.6193	4,930,185.52
1337	Chesterfield	2409	621,132.2867	4,923,592.475
1338	Willsboro	1903	628,119.3964	4,915,982.141
1339	Hermon	1069	477,024.776	4,916,230.976
1340	Jay	2306	603,562.9774	4,913,652.21
1341	Clare	112	500,134.3066	4,912,029.049
1342	Hammond	1207	441,111.7286	4,920,484.33
1343	Wilmington	1131	592,169.5776	4,914,242.811
1344	De Kalb	2213	471,788.5362	4,926,019.734
1345	Rossie	787	449,712.5796	4,908,933.553
1346	Lewis	1200	613,937.9407	4,906,336.092
1347	Alexandria	4097	430,188.4116	4,907,192.919
1348	Orleans	2465	423,232.4564	4,895,421.82
1349	Gouverneur	7418	461,441.6527	4,912,760.183
1350	Fowler	2180	467,036.0081	4,902,659.629
1351	Essex	713	627,854.1323	4,904,649.563
1352	St Armand	1321	577,425.3795	4,914,578.18
1353	Edwards	1148	478,855.426	4,904,933.923
1354	Clifton	791	509,082.2594	4,894,363.384
1355	Keene	1063	594,959.8651	4,892,596.306
1356	Fine	1622	494,121.4539	4,889,896.19
1357	North Elba	8661	580,102.7267	4,898,970.832
1358	Westport	1362	623,933.8028	4,893,607.497
1359	Elizabethtown	1315	610,618.6554	4,892,111.775
1360	Bovina	664	519,876.2172	4,679,535.761
1361	Delhi	4629	507,451.2313	4,680,193.008
1362	Clayton	4817	413,665.9357	4,894,675.121
1363	Croghan	3161	471,070.0498	4,868,610.164
1364	Rodman	1147	426,813.0568	4,854,711.731
1365	New Bremen	2722	470,047.6215	4,856,254.188
1366	Denmark	2747	450,922.7028	4,861,436.674
1367	Pinckney	319	437,228.4965	4,853,760.347
1368	Harrisburg	423	447,674.0955	4,852,883.714
1369	Adams	4782	416,578.0617	4,855,855.031
1370	Inlet	406	521,141.5357	4,841,770.52
1371	Putnam	645	627,514.934	4,845,371.811
1372	Hague	854	616,928.1154	4,842,748.865
1373	Lorraine	930	422,038.3613	4,844,531.798
1374	Webb	1912	500,503.3303	4,853,572.915
1375	Lyme	2015	402,756.1064	4,877,200.757
1376	Moriah	4879	617,736.556	4,879,058.378
1377	Crown Point	2119	618,257.1747	4,867,705.776
1378	Le Ray	19836	436,124.1488	4,880,752.033
1379	Rutland	2959	436,216.7018	4,866,354.838
1380	Wilna	6235	452,706.6599	4,878,296.194
1381	Pamelia	2897	427,601.5888	4,878,202.129
1382	Brownville	5843	414,074.9257	4,874,805.343
1383	Watertown	4482	426,259.8258	4,864,836.215
1384	Watson	1987	479,612.5357	4,852,417.222
1385	Champion	4361	444,271.5232	4,868,903.653
1386	Minerva	796	575,640.4005	4,856,066.216
1387	Hounsfield	3323	403,087.566	4,864,256.741
1388	Indian Lake	1471	554,565.7301	4,848,483.417
1389	Schroon	1759	599,173.4224	4,855,945.22
1390	Ticonderoga	5167	620,614.6222	4,856,516.666
1391	Arietta	293	534,773.574	4,819,316.629
1392	Henderson	1377	402,860.7901	4,856,543.057
1393	Lowville	4548	457,879.3153	4,851,595.522
1394	Worth	234	432,012.1591	4,843,605.081
1395	Horicon	1479	603,585.9998	4,840,603.056
1396	Montague	108	442,821.4807	4,840,790.376
1397	Martinsburg	1249	457,431.8528	4,841,930.098
1398	Chester	3614	591,436.6556	4,837,915.078
1399	Greig	1365	480,167.9446	4,839,013.62
1400	Johnsburg	2450	576,388.4784	4,831,241.426
1401	Ohio	922	506,375.404	4,813,921.559
1402	Ellisburg	3541	406,464.2741	4,844,309.872
1403	Boylston	505	422,549.7611	4,834,037.958
1404	Dresden	677	622,575.521	4,829,999.829
1405	Redfield	607	433,104.6705	4,826,562.005
1406	Wells	737	558,772.604	4,813,672.235
1407	Morehouse	151	522,065.1859	4,813,161.992
1408	Osceola	265	444,105.0468	4,823,559.081
1409	Lake Pleasant	876	546,317.4603	4,824,167.307
1410	Sandy Creek	3863	411,129.3836	4,831,912.535
1411	Hampton	871	638,429.2574	4,822,939.488
1412	Williamstown	1350	427,467.7568	4,812,102.846
1413	Stony Creek	743	579,062.1078	4,808,688.419
1414	Boonville	4572	476,308.5653	4,812,629.914
1415	Florence	1086	439,853.3478	4,808,028.852
1416	Ava	725	463,359.73	4,807,727.11
1417	Mexico	5181	402,511.9951	4,812,036.419
1418	Amboy	1312	424,575.5293	4,803,352.075
1419	Granville	6456	636,922.4484	4,808,707.619
1420	Palermo	3686	397,770.6402	4,801,998.056
1421	Milton	17103	589,626.382	4,765,915.505
1422	Malta	13005	598,823.1872	4,759,899.324
1423	Sherrill	3147	451,069.1694	4,768,848.599
1424	Vernon	5335	456,673.7376	4,768,259.74
1425	Queensbury	25441	607,321.7378	4,801,849.008
1426	Deerfield	3906	487,892.5423	4,780,842.144
1427	Marcy	9469	478,354.506	4,780,080.887
1428	New Rochelle	72182	602,838.2565	4,530,764.82
1429	Turin	793	465,364.0179	4,834,640.956
1430	Orwell	1254	423,023.5705	4,823,676.072
1431	Forestport	1692	487,489.9504	4,815,863.885
1432	Whitehall	4035	630,848.7074	4,821,699.108
1433	Lyonsdale	1273	480,098.8273	4,828,169.11
1434	Thurman	1199	582,371.0482	4,817,282.545
1435	Leyden	1792	469,383.69	4,820,183.961
1436	Richland	5824	408,066.9707	4,822,164.274
1437	West Turin	1674	458,847.7927	4,826,906.629
1438	Lewis	857	454,619.6203	4,814,193.593
1439	New Haven	2930	393,640.6607	4,813,972.295
1440	Albion	2083	416,608.3998	4,816,266.591
1441	Hartford	2279	628,108.7375	4,801,919.722
1442	Parma	14822	273,016.2197	4,794,055.061
1443	Salisbury	1953	516,708.0463	4,784,859.25
1444	Remsen	1958	488,183.4976	4,801,142.831
1445	Porter	6920	177,570.7553	4,796,447.667
1446	Edinburg	1384	575,490.0151	4,786,349.08
1447	Kingsbury	11171	618,374.155	4,800,057.197
1448	Sodus	8949	333,384.5996	4,787,254.69
1449	Victory	1838	365,650.3936	4,785,222.004
1450	Clarendon	3392	251,580.5731	4,784,725.729
1451	Sweden	13716	261,004.1881	4,784,899.278
1452	Irondequoit	52354	291,158.8537	4,787,306.486
1453	Clarkson	6072	262,750.865	4,793,086.321
1454	Barre	2124	238,844.7774	4,784,959.994
1455	Corinth	5985	590,389.8923	4,786,674.063
1456	Webster	37926	301,396.5766	4,789,181.135
1457	Huron	2117	346,323.1195	4,789,623.425
1458	Moreau	13826	608,283.5189	4,789,082.339
1459	Hastings	8803	406,095.8514	4,797,169.955
1460	Williamson	6777	322,031.9347	4,789,990.831
1461	Ontario	9778	312,124.4304	4,790,146.165
1462	Gaines	3740	239,816.1219	4,796,821.982
1463	Albion	8042	239,496.4123	4,791,608.233
1464	Stratford	640	530,091.0022	4,781,848.27
1465	Fort Edward	5892	616,929.5069	4,787,325.269
1466	Cambria	5393	189,496.3604	4,787,514.983
1467	Norway	711	504,489.984	4,785,463.676
1468	Ridgeway	6886	225,619.2417	4,795,444.544
1469	Lockport	19653	201,053.7481	4,784,917.864
1470	Hartland	4165	211,903.0627	4,795,836.565
1471	Shelby	5420	224,718.6501	4,785,684.052
1472	Murray	6259	251,741.402	4,793,656.167
1473	Constantia	5141	422,091.327	4,789,544.132
1474	Argyle	3688	624,237.7298	4,788,402.801
1475	Schroeppel	8566	396,542.9978	4,791,036.173
1476	Lewiston	16257	177,530.6477	4,788,059.943
1477	Trenton	4670	483,599.9965	4,789,119.489
1478	Wolcott	4692	356,430.5094	4,792,276.696
1479	Bleecker	573	550,138.4679	4,780,262.786
1480	Northampton	2760	567,056.8403	4,782,613.427
1481	Ogden	18492	270,589.5318	4,782,955.176
1482	Caroga	1407	540,632.3306	4,778,157.723
1483	Russia	2487	494,550.3595	4,794,281.279
1484	Butler	2277	356,276.4245	4,781,701.187
1485	Walworth	8402	311,957.7743	4,781,550.273
1486	Penfield	34645	300,938.078	4,781,523.476
1487	Northumberland	4603	611,331.7117	4,779,713.963
1488	Marion	4974	321,632.1622	4,781,252.876
1489	Rose	2442	345,914.5879	4,780,466.565
1490	Gates	29275	279,414.7418	4,781,197.958
1491	Niagara	8978	176,093.9966	4,781,342.793
1492	Wheatfield	14086	183,953.1339	4,778,958.754
1493	Clarence	26123	203,594.1668	4,769,416.527
1494	Riga	5437	265,939.5388	4,773,724.513
1495	Victor	9977	302,081.5775	4,762,500.687
1496	Cicero	27982	413,337.6001	4,779,817.739
1497	Salem	2702	636,569.9312	4,780,330.362
1498	Pendleton	6050	193,502.2976	4,778,971.028
1499	Brighton	35588	289,810.3958	4,777,104.619
1500	Ira	2426	374,969.9281	4,785,672.011
1501	Cato	2744	375,090.3589	4,775,946.404
1502	Conquest	1925	365,791.4473	4,775,319.694
1503	Byron	2493	250,486.6527	4,774,829.865
1504	Providence	1841	577,739.8552	4,774,210.503
1505	Schuyler	3385	492,610.2969	4,772,493.928
1506	Van Buren	12667	389,445.9361	4,775,156.96
1507	Lysander	19285	388,298.4863	4,781,711.249
1508	Chili	27638	275,824.4123	4,773,888.358
1509	Jackson	1718	632,210.0467	4,771,750.668
1510	Royalton	7710	211,951.4609	4783724
1511	East Rochester	6650	297,662.807	4,776,277.896
1512	Fairfield	1607	506,333.5784	4,774,926.955
1513	Clay	58805	402,844.3632	4,781,591.589
1514	Newport	2192	497,053.4157	4,780,572.286
1515	Savannah	1838	356,910.6064	4,771,188.896
1516	Grand Island	18621	177,140.0219	4,770,620.059
1517	Perinton	46090	302,323.3977	4,772,357.655
1518	Elba	2439	241,660.4244	4,775,537.542
1519	Bergen	3182	258,180.1452	4,775,309.599
1520	Henrietta	39028	284,903.9015	4,770,373.482
1521	Pittsford	27219	294,281.9739	4,772,052.844
1522	Salina	33290	404,245.5424	4,772,854.811
1523	Oakfield	3203	233,703.2058	4,775,699.645
1524	New Hartford	21172	477,030.5086	4,767,368.872
1525	Rome	34950	460,138.1047	4,786,032.259
1526	Annsville	2956	449,531.8517	4,799,775.124
1527	Mount Vernon	68381	598,603.6924	4,529,827.523
1528	Alabama	1881	224,223.0146	4,775,496.446
1529	Manheim	3171	516,153.636	4,768,181.075
1530	Ephratah	1693	536,362.5607	4,765,476.534
1531	Galen	4439	346,553.2969	4,770,364.995
1532	Oppenheim	1774	525,738.6783	4,769,452.836
1533	Greenwich	4896	623,782.6753	4,777,539.828
1534	Macedon	8688	311,991.0359	4,772,208.553
1535	Easton	2259	618,654.9846	4,764,282.739
1536	Lyons	5831	337,244.3237	4,772,535.083
1537	Batavia	5915	237,043.9559	4,766,000.746
1538	Palmyra	7672	321,590.5386	4,772,405.927
1539	Newstead	8404	213,116.8287	4,769,220.492
1540	Broadalbin	5066	568,594.3515	4,769,651.702
1541	De Witt	24071	412,768.657	4,766,932.143
1542	Mayfield	6432	560,189.3874	4,774,939.54
1543	Brutus	4777	374,119.8295	4,767,037.146
1544	Wheatland	5149	270,396.3166	4,766,051.336
1545	Elbridge	6091	382,819.6965	4,767,747.966
1546	Farmington	10585	311,786.8818	4,762,237.657
1547	Kirkland	10138	468,516.6943	4,764,980.649
1548	Mentz	2446	367,070.5047	4,766,707.105
1549	Sullivan	14991	428,431.1105	4,771,425.353
1550	Geddes	17740	400,280.7484	4,769,996.675
1551	Camillus	23152	393,678.4267	4,767,623.212
1552	Lima	4541	286,887.1182	4,752,316.531
1553	Augusta	1966	459,040.7677	4,758,401.3
1554	Cazenovia	6481	429,509.9244	4,751,414.898
1555	Minden	4202	524,686.924	4,752,759.615
1556	Western	2029	468,404.3861	4,798,438.768
1557	Lee	6875	458,040.2106	4,797,112.873
1558	Olean	2029	216,762.6613	4,662,296.665
1559	Allegany	8230	208,737.4044	4,665,433.399
1560	White Plains	53077	604,698.402	4,541,957.335
1561	Scarsdale	17823	602,841.5124	4,538,397.562
1562	Greenburgh	86764	597,420.1699	4,543,068.489
1563	North Castle	10849	609,559.4024	4,554,355.024
1564	Pembroke	4530	223,914.6504	4,765,768.322
1565	St Johnsville	2565	526,246.9482	4,761,596.948
1566	Manlius	31872	420,244.1536	4,766,713.345
1567	German Flatts	13629	501,603.1816	4,759,360.683
1568	Fenner	1680	436,600.2873	4,757,882.525
1569	Smithfield	1205	445,104.2848	4,757,590.139
1570	Le Roy	7790	257,712.0481	4,764,400.705
1571	Ballston	8729	591,382.9363	4,756,323.116
1572	Darien	3061	223,605.5491	4,756,618.797
1573	Marcellus	6319	391,884.7718	4,756,548.664
1574	Bethany	1760	244,255.2749	4,756,010.779
1575	Charlton	3954	582,361.217	4,756,260.137
1576	Mendon	8370	292,272.5731	4,762,389.348
1577	Pompey	6159	419,991.4768	4,752,719.599
1578	Columbia	1630	496,510.0126	4,752,801.526
1579	Pavilion	2467	254,485.9667	4,754,681.157
1580	Phelps	7017	332,952.6756	4,758,131.942
1581	Paris	4609	478,298.6462	4,758,609.887
1582	Manchester	9258	321,495.9796	4,762,268.005
1583	Onondaga	21063	401,102.5225	4,757,925.494
1584	Lancaster	39019	203,040.5427	4,757,235.61
1585	West Bloomfield	2549	294,400.7085	4,752,870.462
1586	Stark	767	514,577.1886	4,751,757.374
1587	Amsterdam	5820	567,955.2456	4,756,174.952
1588	Stillwater	7522	606,940.1902	4,758,325.367
1589	Skaneateles	7323	384,694.3993	4,754,242.799
1590	Hopewell	3346	321,329.3913	4,752,053.924
1591	Avon	6443	276,771.889	4,752,836.112
1592	Alden	10470	212,580.1644	4,756,991.564
1593	Cheektowaga	94019	194,146.0474	4,757,438.785
1594	Floyd	3869	473,215.5847	4,788,209.554
1595	Vienna	5819	436,848.5699	4,787,142.215
1596	Harrison	24154	607,675.2863	4,542,142.802
1597	Plattsburgh	18816	622,306.2899	4,950,223.237
1598	Plattsburgh	11190	620,477.6884	4,950,313.145
1599	Dannemora	5149	592,933.0425	4,954,939.927
1600	Saranac	4165	594,429.3255	4,945,360.057
1601	Canaan	1820	626,828.4256	4,694,792.34
1602	Greenville	3316	581,521.9924	4,693,972.976
1603	Avoca	2314	298,603.7796	4,699,105.483
1604	Dayton	1945	170,543.7109	4,700,979.429
1605	Conesville	726	554,680.4822	4,694,051.623
1606	Hector	4854	352,595.4237	4,703,089.689
1607	Urbana	2546	316,719.3694	4,697,794.457
1608	Durham	2592	570,251.5035	4,691,847.475
1609	Stockton	2331	140,679.3539	4,691,946.436
1610	Westfield	5232	121,041.1582	4,690,874.414
1611	Meredith	1588	504,661.507	4,690,280.745
1612	Caroline	2910	390,495.3761	4,690,466.707
1613	Harpersfield	1603	524,689.0339	4,699,977.114
1614	Leon	1380	170,116.4845	4,691,293.654
1615	Richford	1170	401,580.1188	4,692,045.206
1616	Kinderhook	8296	608,427.6523	4,696,300.884
1617	Mansfield	800	189,971.4585	4,690,259.834
1618	Ripley	2636	112,202.2242	4,686,339.573
1619	Bradford	763	324,265.4133	4,688,721.875
1620	Mount Hope	6639	539,424.5832	4,589,952.832
1621	Carmel	33006	606,712.9382	4,582,821.712
1623	Greenville	3800	533,942.1894	4,580,327.616
1624	Southeast	17316	617,199.6141	4,584,465.468
1625	Wawayanda	6273	545,006.1773	4,581,555.328
1626	Franklin	1197	575,438.6103	4,930,889.896
1627	Peru	6370	614,625.9286	4,937,542.438
1628	Glen Cove	26622	615,574.1446	4,525,327.755
1629	New York	8008278	589,685.1086	4,501,931.714
1630	Long Beach	35462	612,901.1014	4,493,950.359
1631	Mooers	3404	605,643.6796	4,979,266.799
1632	Clinton	727	584,805.4231	4,977,861.287
1633	Champlain	5791	623,633.9651	4,979,603.822
1634	Fort Covington	1645	540,256.7171	4,977,538.164
1635	Westville	1823	548,389.6408	4,976,762.183
1636	Constable	1428	556,315.7858	4,976,993.093
1637	Minetto	1663	379,974.6957	4,806,149.594
1638	Bombay	1192	531,200.3156	4,976,574.808
1639	Ellenburg	1812	588,153.4368	4,965,706.163
1640	Brasher	2337	521,206.2599	4,969,239.108
1641	Massena	13121	513,093.8143	4,978,622.067
1642	Chateaugay	2036	573,034.1228	4,975,650.994
1643	Chazy	4181	621,741.9153	4,968,737.41
1644	Louisville	3195	498,906.5104	4,972,571.933
1645	Altona	3160	605,390.4868	4,967,127.015
1646	Burke	1359	564,544.0878	4,975,076.723
1647	Bangor	2147	545,025.319	4,965,061.712
1648	Bellmont	1423	572,059.9637	4,955,382.738
1649	Waddington	2212	484,570.423	4,964,393.275
1650	Malone	14981	556,474.65	4,960,502.376
1651	Orange	1752	332,339.7948	4,688,735.582
1652	Reading	1786	340,513.1111	4,698,203.462
1653	Danby	3007	378,654.7764	4,687,800.752
1654	Thurston	1309	311,494.077	4,677,606.159
1655	Hornby	1742	332,243.204	4,677,634.104
1656	Greenport	4180	599,553.8539	4,675,748.096
1657	Veteran	3271	352,411.683	4,678,720.108
1658	Windham	1660	565,223.1549	4,685,029.114
1659	Stamford	1943	528,147.8671	4,688,631.184
1660	Dix	4197	342,762.5776	4,688,958.433
1661	Cherry Creek	1152	160,425.9312	4,691,777.341
1662	Coxsackie	8884	593,700.2718	4,688,875.332
1663	Prattsville	665	548,234.0577	4,685,705.559
1664	Mohawk	3902	549,253.5393	4,756,239.079
1665	Florida	2731	564,408.3682	4,748,910.271
1666	York	3219	264,178.0697	4,750,027.205
1667	Humphrey	721	209,265.3563	4,679,974.568
1668	Hartsville	585	278,696.7478	4,679,381.974
1669	Bath	12097	309,832.2371	4,688,102.201
1670	Canisteo	3583	290,095.3501	4,679,068.074
1671	Bainbridge	3401	460,696.2424	4,682,738.176
1672	Catlin	2649	342,788.6167	4,678,735.029
1673	Friendship	1927	241,431.6772	4,678,622.85
1674	Cameron	1034	301,484.9568	4,676,239.683
1675	Alfred	5140	269,865.3386	4,680,030.328
1676	Ward	390	260,760.2869	4,678,910.411
1677	Catskill	11849	587,211.1559	4,673,224.161
1678	Tompkins	1105	478,128.5878	4,662,052.478
1679	Scio	1914	251,624.7643	4,670,244.777
1680	Greenwood	849	278,627.8118	4,669,407.411
1681	Jewett	970	564,279.1809	4,677,520.282
1682	Clarksville	1146	231,397.9689	4,669,337.156
1683	Jasper	1270	290,696.6505	4,668,580.213
1684	Big Flats	7224	341,837.2139	4,666,960.345
1685	Van Etten	1518	369,674.1222	4,674,523.494
1686	Rathbone	1080	307,007.2705	4,667,581.131
1687	Livingston	3424	599,537.3145	4,666,072.233
1688	Hunter	2721	570,079.2244	4,668,414.822
1689	Erwin	7227	323,021.8334	4,667,303.132
1690	Andover	1945	268,099.5758	4,670,374.465
1691	Ellicott	9280	149,792.4939	4,673,169.149
1692	Taghkanic	1118	609,637.6872	4,665,431.631
1693	Copake	3278	619,743.0335	4,665,063.383
1694	Red House	38	188,619.1526	4,663,859.48
1695	Seneca	2731	330,522.5862	4,744,376.855
1696	Athens	3991	594,152.3379	4,681,503.389
1697	Campbell	3691	321,564.5512	4,677,369.024
1698	Lexington	830	552,933.4436	4,672,240.256
1699	Ischua	895	220,059.2	4,680,950.219
1700	Masonville	1405	471,506.816	4,675,471.425
1701	Hillsdale	1744	621,113.3662	4,675,737.03
1702	Cuba	3392	231,725.7299	4,679,003.138
1703	Mina	1176	111,253.2455	4,674,909.573
1704	Amity	2245	250,986.4901	4,678,422.614
1705	Halcott	193	543,163.7042	4,674,269.67
1706	Hinsdale	2270	220,707.8557	4,673,809.759
1707	Claverack	6401	608,336.8828	4,675,421.97
1708	Maine	5459	414,833.426	4,672,520.657
1709	North Harmony	2521	131,891.8397	4,673,449.495
1710	Erin	2054	361,878.7095	4,671,609.347
1711	Sherman	1553	120,960.334	4,674,358.707
1712	Ellery	4576	139,994.9683	4,679,790.782
1713	Fenton	6909	433,859.8308	4,672,424.742
1714	Colesville	5441	445,242.5214	4,669,330.503
1715	Poland	2467	159,525.4462	4,672,452.804
1716	Conewango	1732	169,706.4029	4,681,600.996
1717	Chenango	11454	425,783.2975	4,671,867.698
1718	Candor	5317	390,042.8155	4,676,392.211
1719	Randolph	2681	169,288.933	4,671,889.308
1720	Afton	2977	456,742.7722	4,675,173.922
1721	Newark Valley	4097	404,021.4301	4,675,992.683
1722	Spencer	2979	377,934.1992	4,674,638.647
1723	Windsor	6421	445,427.2609	4,657,047.154
1724	Deposit	1687	468,740.4541	4,659,212.791
1725	Sanford	2477	460,137.5589	4,660,049.282
1726	Milan	4559	601,450.5315	4,647,681.1
1727	Chemung	2665	366,022.2819	4,656,515.561
1728	Ashland	1951	354,770.9274	4,653,992.666
1729	Barton	9066	376,065.5813	4,659,896.759
1730	Busti	7760	142,980.7915	4,664,255.798
1731	Germantown	2018	593,094.8061	4,665,268.868
1732	French Creek	935	110,692.1484	4,665,221.991
1733	Walton	5607	489,455.9903	4,669,091.309
1734	Clymer	1501	120,381.594	4,664,651.768
1735	Harmony	2339	131,270.9997	4,664,055.658
1736	Shandaken	3235	550,266.7967	4,657,649.501
1737	Woodhull	1524	302,022.5647	4,659,058.584
1738	Tioga	4840	386,997.0592	4,661,854.649
1739	Carroll	3635	159,435.1168	4,663,062.459
1740	Cold Spring	751	179,049.2917	4,667,269.295
1741	Clermont	1726	594,613.6573	4,659,809.932
1742	Wellsville	7678	258,454.0589	4,667,295.138
1743	Kiantone	1385	152,342.1259	4,662,109.513
1744	Kirkwood	5651	433,576.5359	4,659,959.935
1745	Corning	6426	333,085.2866	4,667,289.838
1746	Horseheads	19561	351,809.5589	4,669,391.462
1747	Dickinson	5335	424,847.2975	4,664,638.834
1748	Addison	2640	314,846.7164	4,667,436.61
1749	Baldwin	853	362,435.5375	4,662,174.512
1750	Wirt	1215	241,096.1995	4,668,947.062
1751	Independence	1074	268,774.9429	4,659,256.779
1752	Elmira	7199	353,135.6691	4,661,728.291
1753	West Union	399	277,283.048	4,658,810.105
1754	Genesee	1803	231,027.7698	4,659,658.673
1755	Troupsburg	1126	289,339.2126	4,658,236.799
1756	Hardenburgh	208	532,007.3131	4,654,708.2
1757	Owego	20365	401,538.9055	4,660,240.166
1758	Alma	847	250,452.208	4,658,947.395
1759	Willing	1371	260,123.4097	4,658,537.165
1760	Bolivar	2223	240,718.8137	4,659,328.759
1761	Hamden	1280	501,269.224	4,672,032.066
1762	Andes	1356	517,335.7198	4,664,297.499
1763	Middletown	4051	530,937.5578	4,667,692.423
1764	Colchester	2042	503,429.0617	4,654,412.194
1765	Union	56298	414,649.2163	4,664,273.311
1766	Vestal	26535	415,109.2276	4,655,737.735
1767	Tuscarora	1400	313,081.35	4,657,277.137
1768	Woodstock	6241	569,045.8236	4,656,315.743
1769	Lindley	1913	322,738.4255	4,657,015.07
1770	Caton	2097	332,421.5271	4,656,885.337
1771	Gallatin	1499	606,724.5751	4,656,260.774
1772	Conklin	5940	430,967.3935	4,654,517.832
1773	Binghamton	4969	424,544.6822	4,654,841.292
1774	South Valley	302	169,799.823	4,661,860.888
1775	Ancram	1513	617,354.9929	4,654,653.152
1776	Southport	11185	344,559.0668	4,655,935.95
1777	Saugerties	19868	582,966.09	4,660,170.433
1778	Portville	3952	223,053.7593	4,662,387.485
1779	Carrollton	1410	198,962.369	4,663,146.113
1780	Marlborough	8263	584,064.6267	4,609,593.74
1781	Shawangunk	12022	561,175.8841	4,609,350.126
1782	Denning	516	542,780.8931	4,644,414.6
1783	Wawarsing	12889	548,495.2537	4,622,468.409
1784	Cochecton	1328	500,518.0932	4,614,181.497
1785	Plattekill	9892	577,285.2927	4,611,110.105
1786	Fallsburg	12234	532,948.4282	4,620,881.408
1787	Mamakating	11002	542,089.6386	4,603,932.573
1788	Thompson	14189	527,113.1464	4,610,678.348
1789	Beekman	11452	608,791.2179	4,606,649.918
1790	Tusten	1415	501,480.8046	4,603,504.55
1791	East Fishkill	25589	601,548.701	4,601,260.115
1792	Crawford	7875	556,959.7564	4,602,095.909
1793	Newburgh	27568	578,494.0045	4,600,464.978
1794	Highland	2404	509,277.2736	4,598,513.234
1795	Poughkeepsie	42777	590,979.87	4,613,694.249
1796	Wappinger	26274	592,365.5171	4,604,841.384
1797	Lumberland	1939	515,732.1619	4,593,614.877
1798	Forestburgh	833	525,305.4963	4,599,502.934
1799	Pawling	7521	616,947.5875	4,602,532.775
1800	Wallkill	24659	550,591.7856	4,592,815.879
1801	Bedford	18133	611,689.2413	4,564,587.092
1802	Pound Ridge	4726	619,521.5545	4,563,168.056
1803	New Castle	17491	602,996.0384	4,559,895.375
1804	Fishkill	20258	589,500.78	4,596,228.58
1805	Patterson	11306	617,534.6238	4,593,521.932
1806	Kent	14009	605,954.2011	4,592,097.633
1807	Deerpark	7858	528,203.4379	4,588,282.396
1808	Putnam Valley	10686	597,277.2074	4,583,631.636
1809	Montgomery	20891	566,116.3971	4,598,987.318
1810	Stockholm	3592	511,743.7577	4,954,820.24
1811	Madrid	1828	489,937.576	4,957,318.823
1812	Moira	2857	534,867.1409	4,964,108.424
1813	Pitcairn	783	477,863.2939	4,893,548.917
1814	Theresa	2414	437,443.144	4,899,168.913
1815	Antwerp	1793	451,879.0216	4,896,163.24
1816	Philadelphia	2140	443,567.5087	4,888,381.812
1817	Diana	1661	470,563.2552	4,883,882.111
1818	Newcomb	481	570,082.965	4,874,217.357
1819	Cape Vincent	3345	396,184.1787	4,885,789.701
1820	Long Lake	852	533,182.6652	4,868,824.58
1821	North Hudson	266	596,361.1144	4,872,738.525
1822	Oswegatchie	4370	461,808.6967	4,941,921.983
1823	Pierrepont	2674	498,901.4663	4,930,479.526
1824	De Peyster	936	463,672.7258	4,933,033.776
1825	Black Brook	1660	595,794.3299	4,929,464.432
1826	Canton	10334	484,291.1867	4,936,338.491
1827	Colton	1453	516,635.4606	4,909,399.209
1828	Brighton	1682	560,535.3539	4,925,491.8
1829	Cornwall	12307	579,076.5459	4,585,804.298
1830	New Windsor	22866	574,402.3643	4,591,797.069
1831	Highlands	12484	582,919.2339	4,579,216.899
1832	Russell	1801	488,785.3778	4,916,917.322
1833	Fort Ann	6417	619,487.9458	4,813,868.764
1834	Parish	2694	413,732.3167	4,806,914.855
1835	Carlton	2960	239,641.7463	4,803,507.9
1836	Kendall	2838	252,359.5189	4,802,126.052
1837	Newfane	9657	200,355.7362	4,798,717.09
1838	Lake Luzerne	3219	597,070.1634	4,797,746.829
1839	Hamlin	9355	263,763.1994	4,800,609.524
1840	Steuben	1172	478,538.8539	4,799,339.962
1841	Hadley	1971	588,857.7275	4,798,706.801
1842	Somerset	2865	212,564.6651	4,804,247.09
1843	Day	920	578,133.321	4,797,487.581
1844	Wilson	5840	189,675.8274	4,797,811.186
1845	Yates	2510	225,340.7175	4,804,088.909
1846	West Monroe	4428	412,703.3131	4,794,278.099
1847	Greece	94141	280,906.063	4,791,653.382
1848	Hebron	1773	635,988.4724	4,793,461.255
1849	Hope	392	564,166.2991	4,795,312.527
1850	Sterling	3432	365,551.3664	4,797,193.219
1851	Camden	5028	436,818.4793	4,799,272.889
1852	Benson	201	552,591.4664	4,792,285.123
1853	Hannibal	4957	374,164.554	4,796,355.259
1854	Stafford	2409	248,745.2201	4,764,787.428
1855	Arcadia	14889	330,230.2031	4,772,601.098
1856	Caledonia	4567	269,259.1278	4,759,520.266
1857	Litchfield	1453	487,411.4091	4,757,861.815
1858	Cambridge	2152	626,563.0492	4,762,069.289
1859	White Creek	3411	636,250.2112	4,762,017.129
1860	Rush	3603	282,133.8417	4,762,128.158
1861	Frankfort	7478	488,736.769	4765178
1862	Westmoreland	6207	463,586.215	4,774,418.124
1863	Whitestown	18635	472,322.8253	4,775,864.516
1864	Eastchester	31318	599,870.8268	4,534,297.352
1865	Mamaroneck	28967	608,916.6947	4,532,019.712
1866	Pelham	11866	600,534.1732	4,528,354.032
1867	Schuyler Falls	5128	612,245.4765	4,945,913.999
1868	Tonawanda	78155	183,849.7314	4,766,330.619
1869	Amherst	116510	193,817.067	4,768,963.223
1870	Tyre	899	353,974.4952	4,760,856.497
1871	Danube	1098	516,156.6802	4,759,091.96
1872	Herkimer	9962	500,830.664	4,767,646.269
1873	Junius	1362	344,300.8637	4,760,350.64
1874	Perth	3638	564,818.8377	4,761,536.209
1875	Galway	3589	578,960.6553	4,764,534.962
1876	Montezuma	1431	361,874.9356	4,763,567.46
1877	Little Falls	1544	508,905.3339	4,763,244.405
1878	Glen	2222	552,941.4742	4,750,163.286
1879	Warren	1136	505,441.7229	4,748,803.234
1880	La Fayette	4833	409,501.678	4,751,198.416
1881	Otisco	2561	400,101.9901	4,746,529.793
1882	Covington	1357	253,599.4247	4,746,641.911
1883	Spafford	1661	394,479.3634	4,743,254.379
1884	Rotterdam	28316	580,691.0532	4,740,571.595
1885	Princetown	2132	575,375.6807	4,740,271.615
1886	Springfield	1350	511,280.0229	4,742,348.037
1887	Winfield	2202	486,663.7867	4,749,527.92
1888	Richmond	3452	293,530.892	4,740,715.592
1889	Bridgewater	1671	478,878.2672	4,750,378.444
1890	Bristol	2421	301,819.6627	4,742,174.621
1891	Plainfield	986	484,088.4771	4,741,777.482
1892	Middlebury	1508	243,964.7513	4,746,307.065
1893	Brookfield	2403	471,909.4318	4,739,530.311
1894	Springport	2256	362,851.912	4,745,897.237
1895	Charleston	1292	553,817.2952	4,741,316.747
1896	Richfield	2423	495,959.5844	4,744,690.911
1897	Eaton	4826	448,632.2819	4,747,831.416
1898	Marshall	2127	468,502.9703	4,757,242.434
1899	Bolton	2117	608,735.0854	4,826,264.541
1900	Yonkers	196086	595,334.2259	4,533,445.596
1901	Little Valley	1788	189,557.3389	4,681,798.447
1902	West Seneca	45920	193,452.5468	4,749,591.4
1903	Clifton Park	32995	596,059.6251	4,745,810.833
1904	Halfmoon	18474	603,934.5544	4,746,486.391
1905	Sangerfield	2610	469,273.5059	4,749,817.217
1906	East Bloomfield	3361	302,139.5711	4,752,499.615
1907	Nelson	1964	438,402.8518	4,747,662.955
1908	Waterloo	7866	343,920.1768	4,753,211.251
1909	Root	1752	543,075.9981	4,743,327.756
1910	Palatine	3070	536,724.686	4,754,915.069
1911	Marilla	5709	211,266.8424	4,747,454.497
1912	Elma	11304	202,682.7256	4,747,591.733
1913	Hoosick	6759	634,226.1858	4,749,951.364
1914	Bennington	3349	222,337.3091	4,746,938.783
1915	Alexander	2451	234,697.6075	4,756,358.741
1916	Attica	6028	234,429.2486	4,746,582.992
1917	Fayette	3643	348,864.008	4,745,401.203
1918	Schaghticoke	7456	613,380.6676	4,748,963.232
1919	Seneca Falls	9347	353,861.4476	4,752,778.506
1920	Pittstown	5644	622,118.0355	4,746,874.71
1921	Mount Morris	4567	262,387.3635	4,727,841.077
1922	Esperance	2043	556,439.4544	4,733,473.201
1923	Venice	1286	373,639.9534	4,730,778.546
1924	Perry	6654	253,296.0734	4,738,286.092
1925	Livonia	7286	283,147.7769	4,743,026.405
1926	Glenville	28183	582,274.504	4,748,748.197
1927	Niles	1208	385,059.3913	4,740,979.03
1928	Niskayuna	20295	592,159.7248	4,739,564.83
1929	Scipio	1537	372,317.567	4,739,209.355
1930	Petersburgh	1563	636,339.2896	4,736,794.411
1931	Exeter	954	493,181.8993	4,737,964.527
1932	Geneseo	9654	272,823.9256	4,742,774.237
1933	Beekmantown	5326	618,724.4694	4,958,722.367
1934	Hopkinton	1020	526,835.3817	4,932,007.17
1935	Santa Clara	395	549,557.6378	4,923,883.452
1936	Waverly	1118	538,369.1224	4,931,543.253
1937	Tupper Lake	6137	541,948.5769	4,898,991.208
1938	Fabius	1974	418,972.9729	4,741,519.791
1939	Canajoharie	3797	532,254.5388	4,745,967.166
1940	Grafton	1987	626,321.4804	4,736,262.72
1941	Wales	2960	211,752.0264	4,737,641.105
1942	Madison	2801	459,013.3179	4,748,105.896
1943	Lebanon	1329	449,145.3966	4,737,044.484
1944	Sheldon	2561	222,833.6091	4,737,236.369
1945	Georgetown	946	438,874.0687	4,736,553.165
1946	Orangeville	1301	234,055.6518	4,736,933.203
1947	Varick	1729	348,514.5454	4,738,114.161
1948	Orchard Park	27637	193,462.563	4,740,042.025
1949	Brunswick	11664	615,365.514	4,734,647.49
1950	Aurora	13996	202,256.9873	4,738,158.014
1951	Leicester	2287	261,984.4529	4,738,553.078
1952	Tully	2709	407,196.5275	4,740,501.18
1953	Sharon	1843	532,834.2992	4,736,204.604
1954	Cherry Valley	1266	522,132.7931	4,739,119.415
1955	Warsaw	5423	243,620.4103	4,736,593.796
1956	Waterford	8515	606,981.6703	4,739,923.159
1957	Hamburg	56259	184,187.3312	4,739,099.608
1958	Carlisle	1758	546,158.7867	4,733,333.66
1959	Conesus	2353	282,101.219	4,732,807.993
1960	Cuyler	1036	423,287.8416	4,730,845.423
1961	Canadice	1846	290,830.8866	4,732,438.002
1962	Sempronius	893	391,869.3105	4,732,820.67
1963	Gorham	3776	319,757.3176	4,741,631.718
1964	Truxton	1225	415,919.4796	4,729,193.424
1965	Edmeston	1824	479,372.5068	4,729,391.747
1966	Groveland	3853	272,382.0786	4,731,993.267
1967	Burlington	1085	488,406.8577	4,729,937.07
1968	Preble	1582	407,348.913	4,732,904.36
1969	Middlesex	1345	312,402.3548	4,731,530.482
1970	South Bristol	1645	302,728.3818	4,732,061.039
1971	Potter	1830	321,437.719	4,731,370.923
1972	Scott	1193	399,478.7866	4,732,079.967
1973	Ledyard	1832	362,715.97	4,734,086.321
1974	Green Island	2278	607,019.9702	4,733,603.697
1975	Roseboom	684	522,318.1886	4,730,021.35
1976	DeRuyter	1532	430,407.8011	4,736,387.761
1977	Middlefield	2249	510,645.3102	4,727,847.56
1978	Gainesville	2333	243,219.2083	4,726,945.709
1979	Westford	784	515,059.1909	4,720,966.924
1980	Schoharie	3299	556,278.3423	4,725,567.887
1981	Eden	8076	182,058.1849	4,729,546.147
1982	Boston	7897	192,158.4193	4,729,107.436
1983	Duanesburg	5808	567,032.6166	4,736,694.71
1984	Colden	3323	201,738.7383	4,728,459.719
1985	Hamilton	5733	459,603.3453	4,737,582.091
1986	Seward	1637	534,413.6024	4,728,178.83
1987	Holland	3603	211,321.0145	4,727,903.081
1988	Java	2222	222,448.6579	4,727,590.962
1989	Columbus	931	469,913.4201	4,727,159.223
1990	Wethersfield	891	233,599.9384	4,727,304.635
1991	Knox	2647	572,864.804	4,725,908.711
1992	Berlin	1901	633,249.2047	4,725,106.427
1993	Otselic	1001	439,353.5399	4,726,233.474
1994	Poestenkill	4054	620,729.2625	4,727,045.451
1995	Wright	1547	564,238.548	4,724,186.325
1996	Lincklaen	416	430,939.0838	4,725,924.171
1997	Moravia	4040	383,866.3776	4,732,682.806
1998	Evans	17594	171,609.1072	4,730,045.126
1999	Guilderland	32688	584,920.3084	4,728,904.525
2000	Colonie	79258	599,248.7746	4,732,608.587
2001	North Greenbush	10805	609,516.2575	4,725,098.611
2002	Summerhill	1098	392,064.1429	4,723,854.481
2003	Torrey	1307	339,771.201	4726543
2004	Locke	1900	384,151.6385	4,723,675.755
2005	Springwater	2322	289,153.8394	4,722,452.872
2006	Hartwick	2203	498,736.5834	4,721,535.195
2007	West Sparta	1244	271,216.7964	4,721,335.002
2008	Romulus	2036	350,183.9943	4,730,965.571
2009	Cobleskill	6407	545,249.559	4,725,877.803
2010	Ovid	2757	353,316.8897	4,724,167.231
2011	Decatur	410	524,268.2954	4,723,308.713
2012	Benton	2640	332,006.1229	4,732,034.132
2013	Genoa	1914	371,482.6257	4,723,509.389
2014	Italy	1087	310,970.217	4,721,480.48
2015	Smyrna	1418	449,610.3712	4,726,739.772
2016	Sherburne	3979	460,410.9914	4,726,779.298
2017	Otsego	3904	501,768.9674	4,732,274.731
2018	New Berlin	2803	467,605.2936	4,714,766.871
2019	Stephentown	2873	630,439.7013	4,712,798.804
2020	Sheridan	2838	151,917.042	4,712,403.711
2021	Summit	1123	531,971.8485	4,713,157.511
2022	Castile	2873	252,433.4526	4,728,075.227
2023	Ghent	5276	611,184.3803	4,685,287.979
2024	Austerlitz	1453	622,990.6468	4,685,543.485
2025	Lisle	2707	413,213.1288	4,690,525.371
2026	Ashland	752	554,858.3573	4,685,412.146
2027	Stockport	2933	602,693.555	4,685,847.037
2028	Cairo	6355	580,744.6917	4,683,159.666
2029	Almond	1604	270,464.1537	4,691,827.771
2030	Charlotte	1713	150,718.3297	4,692,335.802
2031	Catharine	1930	356,353.5791	4,689,519.63
2032	Chautauqua	4666	128,510.6289	4,686,338.301
2033	Angelica	1411	251,466.2169	4,687,911.443
2034	Montour	2446	349,733.336	4,688,835.046
2035	Franklin	2621	490,835.7364	4,686,813.828
2036	Coventry	1589	448,440.786	4,682,571.847
2037	Ellicottville	1738	200,236.3775	4,691,348.263
2038	Berkshire	1366	402,932.858	4,684,345.931
2039	Piercefield	305	531,714.5643	4,896,904.548
2040	Harrietstown	5575	560,977.5278	4,899,145.516
2041	Salamanca	544	188,780.1416	4,674,651.609
2042	Greene	5729	436,619.7692	4,685,454.742
2043	Gerry	2054	150,253.652	4,682,580.015
2044	Ellington	1639	159,968.6634	4,682,097.964
2045	Unadilla	4548	473,073.9046	4,690,946.227
2046	Triangle	3032	424,199.0332	4,691,024.337
2047	Barker	2738	424,741.777	4,681,295.758
2048	Napoli	1159	179,359.3249	4,681,117.429
2049	Nanticoke	1790	415,237.6102	4,681,576.711
2050	Sidney	6109	477,154.5471	4,683,948.098
2051	Cayuta	545	361,415.0227	4,680,946.395
2052	Sand Lake	7987	619,084.2266	4,720,590.411
2053	Bethlehem	31304	596,709.0381	4,715,404.157
2054	New Lisbon	1116	488,501.6362	4,718,976.502
2055	Jerusalem	4525	323,252.8044	4,719,649.125
2056	North Collins	3376	182,864.9451	4,720,399.065
2057	Milo	7026	335,723.9954	4,720,012.369
2058	New Scotland	8626	586,902.4418	4,717,488.573
2059	Pittsfield	1295	477,871.2976	4,717,961.08
2060	Sardinia	2692	208,635.9045	4,718,263.256
2061	Worcester	2207	523,453.1977	4,714,585.986
2062	Brant	1906	169,130.4293	4,722,297.053
2063	Taylor	500	423,925.4738	4,717,730.979
2064	East Greenbush	15560	606,866.4482	4,718,583.124
2065	Homer	6363	404,141.1467	4,724,396.559
2066	Berne	2846	572,534.3886	4,715,977.238
2067	Eagle	1194	233,247.1632	4,717,640.348
2068	Solon	1108	416,186.5222	4,717,375.874
2069	Naples	2441	300,845.1633	4,721,735.604
2070	North Norwich	1966	459,102.5944	4,717,089.119
2071	Genesee Falls	460	248,772.8337	4,717,606.852
2072	Plymouth	2049	450,058.546	4,716,592.142
2073	Portage	859	253,906.591	4,716,413.539
2074	Richmondville	2412	537,019.0106	4,720,797.474
2075	Pharsalia	542	439,812.3463	4,716,022.755
2076	Pitcher	848	431,426.747	4,715,861.23
2077	Fulton	1495	545,760.7659	4,712,652.892
2078	Covert	2227	360,592.9	4,716,212.23
2079	Lodi	1476	349,905.7317	4,716,462.045
2080	Yorkshire	4210	211,313.5582	4,709,454.188
2081	McDonough	870	440,363.2747	4,705,657.178
2082	Hanover	7638	161,168.6495	4,712,956.296
2083	Nunda	3017	262,125.4779	4,716,502.868
2084	Sparta	1627	278,798.7263	4,723,001.556
2085	North Dansville	5738	279,051.7566	4,715,282.52
2086	Middleburgh	3515	555,619.3124	4,717,468.214
2087	Maryland	1920	511,785.2698	4,710,133.958
2088	Pike	1086	242,294.1325	4,717,312.132
2089	Cortlandville	7919	404,703.1475	4,715,853.18
2090	Groton	5794	388,414.3107	4,715,592.846
2091	Ossian	751	271,563.5671	4,711,278.416
2092	Prattsburg	2064	309,191.493	4,711,469.675
2093	Pulteney	1405	319,674.7068	4,709,980.22
2094	Milford	2938	501,809.6486	4,710,434.356
2095	Barrington	1396	331,737.5691	4,710,632.572
2096	Wayland	4314	287,158.2928	4,711,723.282
2097	Arcade	4184	222,030.6395	4,717,879.593
2098	Concord	8526	195,575.4182	4,716,958.077
2099	Freedom	2493	222,396.4521	4,708,411.543
2100	Ashford	2223	200,180.9557	4,705,190.78
2101	Westerlo	3466	578,902.503	4,705,349.862
2102	Cincinnatus	1051	424,371.0592	4,708,561.87
2103	Centerville	762	232,895.702	4,708,078.033
2104	Dansville	1977	280,806.0905	4,705,327.896
2105	Broome	947	558,156.8798	4,705,858.133
2106	Hume	1987	242,989.0989	4,707,863.426
2107	Freetown	789	416,354.1444	4,708,360.417
2108	Norwich	3836	459,900.5934	4,706,362.473
2109	Dunkirk	1387	143,894.4687	4,711,273.084
2110	Virgil	2287	404,182.5723	4,707,705.719
2111	Ulysses	4775	367,174.4191	4,707,937.589
2112	Morris	1867	478,300.9337	4,709,548.656
2113	Granger	577	252,520.0818	4,706,885.393
2114	Preston	928	449,639.8777	4,706,243.903
2115	Grove	533	261,792.008	4,706,754.532
2116	Rensselaerville	1915	567,878.9298	4,702,864.895
2117	Portland	5502	132,146.7053	4,700,147.083
2118	Lapeer	686	408,780.3647	4,699,967.982
2119	Farmersville	1028	221,252.4681	4,698,950.36
2120	Harford	920	400,722.4871	4,699,811.446
2121	Rushford	1259	232,471.2779	4,698,471.254
2122	Schodack	12536	607,929.3736	4,709,425.872
2123	Jefferson	1285	531,820.4722	4,704,213.674
2124	German	378	431,960.3621	4,705,292.936
2125	Starkey	3465	340,306.7488	4,709,486.758
2126	Blenheim	330	541,963.8098	4,703,601.245
2127	Pomfret	14703	141,709.1353	4,703,696.145
2128	Cohocton	2626	296,227.2122	4,710,014.121
2129	Collins	8307	180,198.3727	4,712,607.841
2130	Perrysburg	1771	170,287.2234	4,710,920.915
2131	East Otto	1105	191,882.3331	4,701,080.342
2132	Laurens	2402	490,381.3637	4,709,445.925
2133	Nassau	4818	619,331.2155	4,711,121.905
2134	Oneonta	4994	494,579.7995	4,701,474.855
2135	Wayne	1165	324,391.4841	4,700,952.717
2136	Otto	831	184,001.1211	4,701,034.629
2137	Lansing	10521	374,289.5018	4,713,835.889
2138	New Lebanon	2454	628,377.0565	4,703,040.588
2139	Persia	2512	177,687.125	4,701,326.895
2140	Arkwright	1126	151,257.4858	4,702,004.947
2141	Great Valley	2145	199,592.7466	4,677,592.195
2142	Salamanca	6097	192,451.1856	4,674,732.978
2143	Hamptonburgh	4686	562,318.4166	4,588,840.798
2144	Davenport	2774	507,990.7078	4,700,318.792
2145	Wheeler	1263	307,338.3928	4,701,563.37
2146	Villenova	1121	160,910.2633	4,701,499.354
2147	Coeymans	8151	591,736.6207	4,705,184.579
2148	Dryden	13532	388,504.4211	4,703,823.961
2149	Gilboa	1215	544,821.8655	4,697,711.644
2150	Burns	1248	271,189.8091	4,702,317.209
2151	Tyrone	1714	331,681.3715	4,700,331.028
2152	Machias	2482	210,002.1207	4,699,946.424
2153	Willet	1011	424,674.3367	4,700,225.869
2154	Enfield	3369	365,939.7338	4,699,508.296
2155	Roxbury	2509	537,043.7491	4,682,972.825
2156	Newfield	5108	367,121.102	4,688,527.119
2157	Otego	3183	484,612.3176	4,697,469.876
2158	New Albion	2068	179,820.2529	4,690,804.929
2159	Lyndon	661	222,820.0676	4,689,136.38
2160	Franklinville	3128	211,505.7656	4,689,623.508
2161	New Hudson	736	232,067.8776	4,688,734.146
2162	Belfast	1714	241,743.6341	4,688,316.314
2163	West Almond	353	261,143.6518	4,687,635.232
2164	Chatham	4249	616,737.7589	4,697,930.003
2165	Fremont	964	285,745.5911	4,697,418.15
2166	Caneadea	2694	242,130.3077	4,698,035.165
2167	Butternuts	1792	473,551.9838	4,701,738.649
2168	Stuyvesant	2188	602,666.6836	4,695,419.157
2169	Allen	462	251,820.9672	4,697,637.273
2170	Birdsall	268	261,493.0961	4,697,314.7
2171	Kortright	1633	517,901.9322	4,693,262.643
2172	New Baltimore	3417	593,900.9416	4,696,934.775
2173	Guilford	3046	462,375.3652	4,694,441.945
2174	Marathon	2189	416,790.4419	4,700,034.628
2175	Smithville	1347	437,573.4796	4,696,389.464
2176	Howard	1430	292,448.8684	4,690,007.724
2177	Oxford	3992	451,355.0238	4,694,380.028
2178	Nichols	2584	388,298.0899	4,653,949.952
2179	Ulster	12544	582,530.831	4,646,949.485
2180	Hurley	6564	573,296.0531	4,645,958.185
2181	Olive	4579	561,090.5131	4,644,163.688
2182	Pine Plains	2569	611,719.2192	4,647,253.346
2183	Rockland	3913	516,829.4001	4,642,994.967
2184	Kingston	908	578,914.0677	4,648,581.871
2185	Red Hook	10408	592,852.4532	4,652,461.875
2186	Northeast	3002	620,860.9345	4,644,642.334
2187	Hancock	3449	486,472.0186	4,645,043.385
2188	Neversink	3553	533,937.1004	4,635,648.345
2189	Marbletown	5854	569,481.8092	4,635,665.749
2190	Stanford	3544	608,530.1266	4,638,229.355
2191	Rhinebeck	7762	591,390.1666	4,642,329.769
2192	Clinton	4010	598,184.7996	4,635,190.138
2193	Esopus	9331	583,551.7372	4,632,831.381
2194	Fremont	1391	497,657.2641	4,634,182.749
2195	Rochester	7018	559,821.898	4,629,268.519
2196	Rosendale	6352	576,488.7079	4,633,233.832
2197	Amenia	4048	620,118.4832	4,631,272.521
2198	Hyde Park	20851	590,891.6854	4,628,272.838
2199	Pleasant Valley	9066	599,332.399	4,624,896.737
2200	Washington	4742	610,168.0381	4,627,501.171
2201	Delaware	2719	499,701.9612	4,623,092.625
2202	Lloyd	9941	583,497.7214	4,620,161.489
2203	Callicoon	3052	506,537.2171	4,631,361.967
2204	Liberty	9632	518,482.4809	4,629,058.034
2205	Bethel	4362	512,423.3392	4,615,110.988
2206	Dover	8565	618,687.1994	4,615,666.18
2207	Gardiner	5238	567,579.5067	4,616,194.664
2208	Union Vale	4546	609,410.0645	4,616,253.689
2209	New Paltz	12830	575,763.4085	4,623,248.455
2210	La Grange	14928	599,651.6741	4,614,794.95
2211	North Salem	5173	616,846.6521	4,576,669.196
2212	Somers	18346	606,716.032	4,573,483.337
2213	Yorktown	36318	599,743.6346	4,569,699.283
2215	Lewisboro	12324	618,703.424	4,569,648.165
2216	Minisink	3585	538,681.563	4,575,748.405
2217	East Hampton	19719	751,238.7097	4,550,912.37
2218	Warwick	30764	553,524.611	4,567,761.957
2219	Cortlandt	38467	591,987.9917	4,567,648.828
2220	Mount Kisco	9983	606,645.958	4,561,946.405
2221	Tuxedo	3334	568,828.1249	4,564,665.044
2222	Haverstraw	33811	580,600.1386	4,562,009.923
2223	Ossining	36534	595,984.011	4,556,696.183
2224	Riverhead	27680	689,287.0951	4,542,189.14
2225	Southold	20599	722,757.1929	4,556,927.872
2226	Shelter Island	2228	725,384.1965	4,549,696.792
2227	Mount Pleasant	43221	599,744.7239	4,551,865.572
2228	Clarkstown	82082	586,797.2633	4,553,916.023
2229	Ramapo	108905	574,920.7315	4,554,725.969
2230	Orangetown	47711	588,466.3045	4,545,136.001
2231	Islip	322612	652,819.1297	4,509,095.383
2232	Rye	43880	610,348.9956	4,540,260.926
2233	Huntington	195289	636,613.1661	4,526,757.422
2234	Smithtown	115715	649,370.7344	4,531,037.518
2235	Chester	12140	561,009.5415	4,575,693.391
2236	Woodbury	9460	575,250.2706	4,575,591.539
2237	Goshen	12913	554,392.1285	4,581,341.704
2238	Blooming Grove	17351	568,231.8693	4,582,928.973
2239	Monroe	31407	567,623.0393	4,573,132.033
2240	Southampton	54712	711,786.2523	4,527,777.031
2241	Brookhaven	448248	671,631.8849	4,523,679.652
2242	North Hempstead	222611	611,323.5827	4,518,139.679
2243	Oyster Bay	293925	624,797.1922	4,519,565.296
2244	Babylon	211792	639,092.5034	4,502,689.55
2245	Hempstead	755924	617,610.3319	4,498,993.031
2246	Lake George	3578	603,423.9859	4,810,360.886
2247	Warrensburg	4255	597,418.1959	4,817,664.765
2248	Oswego	17954	378,409.6477	4,812,877.685
2249	Oswego	7287	374,032.8856	4,806,833.243
2250	Scriba	7331	385,242.134	4,812,864.361
2251	Oneida	10987	446,100.3374	4,769,576.877
2252	Verona	6425	449,691.5132	4,778,684.378
2253	Lenox	8665	438,311.1702	4,773,453.451
2254	Lincoln	1818	440,279.1612	4,764,685.427
2255	Stockbridge	2080	451,755.5954	4,759,421.829
2256	Johnstown	8511	550,893.1416	4,761,819.931
2257	Gloversville	15413	553,212.1147	4,766,479.089
2258	Johnstown	7166	549,209.6166	4,766,064.291
2259	Auburn	28574	372,025.9065	4,754,662.452
2260	Throop	1824	368,169.7124	4,760,035.07
2261	Sennett	3244	376,706.0775	4,758,854.732
2262	Aurelius	2936	363,779.2436	4,754,134.082
2263	Owasco	3755	378,005.8227	4,749,495.283
2264	Fleming	2647	371,128.3691	4,747,592.178
2265	Hornell	9019	280,802.9443	4,689,310.089
2266	Hornellsville	4042	279,378.9567	4,690,419.282
